{
  "Bali": 26,
  "Banten": 36,
  "Bengkulu": 1,
  "DI Yogyakarta": 30,
  "DKI Jakarta": 36,
  "Gorontalo": 10,
  "Jambi": 5,
  "Jawa Barat": 107,
  "Jawa Tengah": 113,
  "Jawa Timur": 137,
  "Kalimantan Barat": 7,
  "Kalimantan Selatan": 15,
  "Kalimantan Tengah": 4,
  "Kalimantan Timur": 1,
  "Kalimantan Utara": 1,
  "Kepulauan Bangka Belitung": 5,
  "Kepulauan Riau": 4,
  "Lampung": 24,
  "Maluku": 3,
  "Maluku Utara": 2,
  "Nanggroe Aceh Darussalam": 21,
  "Nusa Tenggara Barat": 24,
  "Nusa Tenggara Timur": 3,
  "Papua": 3,
  "Papua Barat": 1,
  "Riau": 6,
  "Sulawesi Barat": 2,
  "Sulawesi Selatan": 31,
  "Sulawesi Tengah": 10,
  "Sulawesi Tenggara": 5,
  "Sulawesi Utara": 4,
  "Sumatera Barat": 18,
  "Sumatera Selatan": 25,
  "Sumatera Utara": 16
}